;resnet;simplecnn;knn
train_mse;0.0004269877770884855;0.1688050772230873;0.0
train_accuracy;1.0;0.9453352769679301;1.0
validation_mse;0.04064913441785411;0.1883686197324864;0.017475728155339806
validation_accuracy;0.9922330097087378;0.9378640776699029;0.9825242718446602
test_mse;0.266308270691011;0.265489667739996;0.14591109602986088
test_accuracy;0.9246691550830684;0.8910756701831701;0.9009161859518154
