;resnet;simplecnn;knn
train_mse;0.03641835771619328;0.3931978184079367;0.0
train_accuracy;0.9930555555555556;0.8412698412698413;1.0
validation_mse;0.5752109506773571;0.41373679656831047;0.2261904761904762
validation_accuracy;0.8611111082727947;0.829365076526763;0.7738095238095238
test_mse;0.8015890893958387;0.48920528364904;0.21678321678321677
test_accuracy;0.8286713279766359;0.7680652683431451;0.7832167832167832
